{"JPN":70200,"USA":119742.67032271673,"AUS":102707.88912579957,"IDN":17067.30769230769,"CAN":85144.16775884666,"FRA":50621.794871794875,"IND":31468.44660194175,"CHN":38557.692307692305,"PHL":14444.444444444445,"DEU":63872.18045112782,"COL":27175.925925925927,"PRT":29137.931034482757,"HRV":34761.90476190476,"GBR":75765.44943820225,"POL":38018.4331797235,"CZE":43111.70212765958,"SVK":39750,"TUR":26176.470588235294,"NLD":62392.29024943311,"SWE":61209.50323974082,"FIN":62124.183006535946,"ARE":174285.7142857143,"NOR":88484.84848484848,"MYS":29743.589743589742,"MUS":20000,"SGP":68879.31034482758,"KOR":44027.77777777778,"ZAF":51205.67375886525,"ESP":45730.994152046784,"EGY":19358.97435897436,"NZL":81311.47540983607,"THA":26666.666666666668,"ARG":31826.923076923078,"ISR":82142.85714285714,"UKR":30863.787375415282,"MKD":26250,"BGR":40352.112676056335,"SRB":29117.647058823528,"CHE":95822.36842105263,"RUS":25516.17873651772,"LBN":66250,"NPL":9666.666666666666,"BRA":28962.264150943396,"SVN":33269.230769230766,"BLR":27171.717171717173,"AUT":58500,"IRL":79100,"MEX":31666.666666666668,"URY":38676.470588235294,"ROU":32992.12598425197,"GRC":37642.857142857145,"ITA":37982.83261802575,"HUN":36707.31707317073,"BEL":48370.16574585636,"CHL":45000,"BGD":11250,"KEN":14000,"NGA":9795.918367346938,"DNK":84653.17919075144,"NIC":12500,"PER":20000,"VNM":18260.869565217392,"IRN":24027.777777777777,"ECU":16923.076923076922,"EST":32604.166666666668,"BIH":28333.333333333332,"MAR":17692.30769230769,"VEN":5800,"PAK":19310.344827586207,"LVA":46964.28571428572,"MDA":19423.076923076922,"LTU":29411.764705882353,"TUN":8125,"TWN":24146.341463414636,"DOM":36250,"CRI":46400,"PAN":26666.666666666668,"BOL":29166.666666666668,"KAZ":16666.666666666668,"AZE":5000,"GHA":9500,"GTM":28000,"ISL":96428.57142857143,"GEO":30000,"ARM":11666.666666666666,"MLT":45333.333333333336,"HKG":52291.666666666664,"SLV":18571.428571428572,"LUX":61000,"HND":20833.333333333332,"ETH":30000,"PRI":66666.66666666667,"CMR":17000,"ALB":85000,"MDG":40000,"NCL":75000,"CYP":69166.66666666667,"DZA":21250,"BHS":0,"NAM":150000,"MMR":20000,"ZMB":7500,"KWT":75000,"PRY":33125,"HTI":5000,"GGY":75000,"FRO":20000,"BLZ":20000,"IRQ":85000,"LKA":30000,"AGO":40000,"MNG":5000,"CUB":28333.333333333332,"SAU":75000,"KHM":28333.333333333332,"ZWE":78750,"UGA":5000,"SMR":20000,"SDN":22500,"KGZ":10000,"UZB":12500,"MNE":30000,"JOR":23000,"JAM":20000,"LIE":150000,"GIB":75000,"GLP":20000,"SEN":40000,"CYM":150000,"JEY":20000,"BRB":25000,"MOZ":5000}