{"JPN":70200,"USA":120327.58189547386,"AUS":102691.35802469136,"usa":117631.57894736843,"Rajastan":20000,"United States of America":105694.44444444444,"IDN":15879.12087912088,"CAN":86033.99433427762,"FRA":50560.40756914119,"United States ":119259.25925925926,"USA ":123571.42857142857,"IND":30686.813186813186,"Usa":133055.55555555556,"australia":89615.38461538461,"CHN":38557.692307692305,"PHL":14444.444444444445,"Germany ":76571.42857142857,"COL":27175.925925925927,"DEU":63052.63157894737,"":75000,"PRT":29137.931034482757,"HRV":34761.90476190476,"U.K. ":100000,"Uk":86875,"POL":37776.470588235294,"Czech republic":50434.782608695656,"SVK":39750,"United kingdom":78846.15384615384,"france":46311.475409836065,"TUR":26176.470588235294,"the Netherlands":78500,"GBR":76219.23937360178,"SWE":60779.06976744186,"FIN":62124.183006535946,"ARE":174285.7142857143,"NOR":88484.84848484848,"MYS":29743.589743589742,"MUS":20000,"SGP":68879.31034482758,"Korea":36071.42857142857,"ZAF":51205.67375886525,"ESP":45806.45161290323,"NLD":65955.88235294117,"EGY":19358.97435897436,"England":59533.333333333336,"singapore":81666.66666666667,"South Korea":55277.77777777778,"France ":60156.25,"NZL":81311.47540983607,"netherlands":67000,"THA":26666.666666666668,"ARG":31826.923076923078,"New Zealand ":125000,"ISR":82378.64077669903,"UKR":31003.460207612457,"Macedonia":26250,"BGR":40352.112676056335,"SRB":29117.647058823528,"Switzerland ":126250,"Russia":25477.430555555555,"Russia / Spain":40000,"LBN":66250,"Portugal ":61250,"NPL":9666.666666666666,"The Netherlands":51181.10236220472,"UAE":158333.33333333334,"BRA":29231.770833333332,"RUS":25576.923076923078,"SVN":33269.230769230766,"GER":0,"BLR":27171.717171717173,"indonesia":25384.615384615383,"iran":14285.714285714286,"Argentina ":65714.28571428571,"Brazil ":36000,"U.S.A":75000,"United States of America ":87777.77777777778,"AUT":58500,"Colombia ":20000,"Czechia":48787.878787878784,"Indonesia ":5000,"IRL":79100,"MEX":37173.913043478264,"Australia ":106176.4705882353,"united states of america":75000,"URY":38676.470588235294,"ROU":32992.12598425197,"SPain":40000,"Brasil":22962.962962962964,"CZE":40416.666666666664,"GRC":37642.857142857145,"italy":49500,"HUN":36707.31707317073,"BEL":48323.529411764706,"CHL":45000,"french":40000,"ITA":36901.40845070423,"canada":71904.76190476191,"United Stated":150000,"BGD":11250,"uk":73783.78378378379,"spain":45161.290322580644,"University of California, San Francisco":150000,"United Kingdom ":88593.75,"SEMrush":40000,"Wales":40000,"Racist Indonesia":5000,"Canada ":80333.33333333333,"Beijing":5000,"U.S.A. ":101666.66666666667,"united states":115147.05882352941,"US of A":75000,"KEN":14000,"NGA":9795.918367346938,"Costa Rica ":20000,"DNK":84720.49689440994,"United states":110208.33333333333,"Bonaire":40000,"malaysia":26666.666666666668,"NIC":12500,"Perú":12272.727272727272,"United States & Ireland":150000,"Lanyee":75000,"czech":150000,"MCTekk":20000,"Vietnam":14736.842105263158,"QIO Tech":75000,"Us":125869.56521739131,"México":16219.512195121952,"ELMA BPM":20000,"Iran":24027.777777777777,"Expedia":75000,"ECU":16923.076923076922,"india":37777.77777777778,"EST":32604.166666666668,"Austria Germany Switzerland":250000,"philippines":16666.666666666668,"Israel ":120000,"Denmark ":83750,"It":30000,"USA 🇺🇸 ":150000,"ukraine":16111.111111111111,"Romania ":38333.333333333336,"United states ":69000,"Scotland":60652.17391304348,"United kingdom ":88333.33333333333,"vietnam":17500,"Ukraine ":27500,"Czech Republic ":25714.285714285714,"Bosnia and Herzegovina":24090.909090909092,"cz":47500,"MAR":17692.30769230769,"Venezuela":5800,"georgia":5000,"PAK":19310.344827586207,"NashTech VietNam":20000,"Republic of Korea":21250,"CHE":93214.28571428571,"korea":96666.66666666667,"LVA":46964.28571428572,"MDA":19423.076923076922,"UK ":80714.28571428571,"LTU":29411.764705882353,"Mollie":75000,"Brasil & Poland ":20000,"The Czech Republic":75000,"Philippines ":12500,"catalonia":40000,"Shopee":75000,"fr":40000,"finland":43750,"Swizterland":75000,"Global":150000,"TUN":8125,"czech republic":52500,"Brasil ":20000,"belgium":49090.90909090909,"Scotland ":75000,"CANADA":112500,"EZLinks":75000,"TWN":24146.341463414636,"us":91818.18181818182,"Ukraine / Indonesia / Montenegro / Estonia":20000,"Morroco":5000,"peru":2500,"DOM":36250,"Russia ":36315.78947368421,"The United Kingdom":75000,"argentina":31428.571428571428,"russia":18928.571428571428,"Sibiria":20000,"CRI":46400,"PAN":26666.666666666668,"Think Telic and Vana Solutions":75000,"united kingdom":90000,"Ameria":40000,"Bolivia":29166.666666666668,"kazakhstan":22500,"SECRET":75000,"okc.elad.35@gmail.com":40000,"KAZ":16666.666666666668,"Wales, UK":30000,"maximilianou@gmail.com":150000,"Scout Gaming Tech AS":75000,"Kazakhstan ":5000,"TURKEY":10000,"denmark":68000,"U.S.A.":102272.72727272728,"Isreal":20000,"AZE":5000,"panama":150000,"sweden":56176.470588235294,"BiH":0,"GHA":9500,"Deutsche Bank":40000,"Moldova ":20000,"Sweden ":78125,"Ecuado":0,"uSa":0,"Belarus ":12000,"GTM":28000,"United States of A Baby!":75000,"FRANCE":47142.857142857145,"germany":70121.9512195122,"I don't understand the question":40000,"Huntington Hospital":150000,"Norway ":90000,"Netherlands ":75588.23529411765,"Tanzania":0,"Spain ":50833.333333333336,"ISL":96428.57142857143,"GEO":30000,"Palestine":20000,"norway":90000,"ARM":11666.666666666666,"México ":51875,"MLT":45333.333333333336,"M247 Ltd.":40000,"Nigeria 🇳🇬 ":40000,"CLSA ":150000,"Usa usa usa":75000,"Russia, Cyprus":20000,"HKG":52291.666666666664,"Syberia":20000,"SLV":18571.428571428572,"INDIA":47000,"URUGUAY ":20000,"Untied states":150000," Colombia":20000,"'merica":75000,"United States of Butthole Trump":75000,"Chile ":57500,"china":57222.22222222222,"Germane ":75000,"LUX":61000,"HND":20833.333333333332,"ETH":30000,"my":0,"PRI":66666.66666666667,"South of Korea":40000,"Ireland ":91428.57142857143,"Malaysia ":33333.333333333336,"Aida Health Inc.":40000,"Catalunya":75000,"Fleet performance":40000," Ukraine ":5000,"Freedomland":250000,"Italy ":85000,"Meepshop":20000,"The Recon Grp LTD":75000,"CMR":17000,"Epam":5000,"romania":33333.333333333336,"  Finland ":40000,"Home":0,"Britain ":150000,"Wargaming":40000,"ALB":85000,"Catalonia":50625,"Earthling":0,"VNM":35000,"India ":36250,"switzerland":93750,"Nigeria ":6428.571428571428,"Ynov":40000,"United Arab Emirates ":150000,"greece":17000,"Finland ":50000,"Kaleidos Open Source S.L":75000,"IBM":20000,"De":75000,"Basque Country":22500,"N8D":150000,"Canada, Eh?":20000,"England ":112500,"Northern Ireland":60000,"MDG":40000,"the Czech Republic":75000,"Gernany":150000,"i can see it in the url...":20000,"hungary":40000,"unitemp":40000,"NCL":75000,"morocco":6000,"NL ":150000,"Slovenia ":30000,"Artboard Studio":5000,"turkey":21428.571428571428,"Brazil (Nomad)":40000,"MACEDONIA":5000,"United Kingdom 🇬🇧 ":75000,"Ciudad de Buenos Aires Argentina":150000,"Austria ":105000,"CYP":69166.66666666667,"Merica":150000,"Switzlerand":150000,"PR China":40000,"The Neterlands":40000,"france ":40000,"Senegal ":20000,"croatia":25000,"Syria":10000,"South africa":0,"Getmany":75000,"Croatia ":20000,"Gbr":40000,"Uds":75000,"Great Britain":47500,"poland":49444.444444444445,"U. S. ":75000,"Iceland ":75000,"England, UK":75000,"new zealand":75000,"bulgaria":20000,"Saint lucia":20000,"The Netherlands 🇳🇱 ":5000,"🇺🇸 ":112500,"Bosnia Herzegovina ":40000,"US A":150000,"DZA":21250,"UK/Ireland":75000,"BHS":0,"MURICA":75000,"Pakistan ":20000,"brazil":33461.53846153846,"Zubut":5000,"Dominican Republic ":30000,"PER":25312.5,"NAM":150000,"United States of Ken Wheeler":150000,"ukraine ":75000,"usa ":150000,"North America ":150000,"Czechia ":40000,"America":105000,"U.S.":94000,"Murica":0,"  Australia":40000,"United States of America 🇺🇸 ":150000,"Bosnia & Hercegowina":20000,"myanmar":5000,"Belgium ":50000,"MMR":20000,"Currently in Japan,but Bangladeshi ":40000,"au":250000,"iceland":150000,"United Kingom":40000,"no":0,"Unites States":150000,"The Netherlands ":75000,"costa rica":0,